firmness,hue,saturation,brightness,sound_db,weight_g,size_cm3,ripeness,color_category_black,color_category_dark green,color_category_green,color_category_purple
-1.330219929510111,-0.9156604804461204,-1.4070167518383412,-1.0036580108309294,-1.7417757676759935,-1.317532588880993,0.9415819333111802,ripe,1.0,0.0,0.0,0.0
0.7684409320053023,-0.6242689549165238,0.26128019174062744,1.5637275705354605,0.7890710928985354,-0.41849539918678924,-0.41708803339412054,pre-conditioned,0.0,0.0,1.0,0.0
1.3848308353874514,-0.5642765820133715,1.6994672120673244,0.04425447135943382,1.5121701959198293,-0.012478603841019757,-1.1679319623628395,hard,0.0,1.0,0.0,0.0
1.579287173954439,-0.1786113276359643,1.2967748463758493,-0.217723649188157,1.2229305547113118,2.2786161698958223,-1.2215636715748908,hard,0.0,1.0,0.0,0.0
1.2600852597029688,-0.22146302256678732,1.469357288815053,1.092166953549797,1.2952404650134413,1.756594575879833,-1.4003360356150618,hard,0.0,1.0,0.0,0.0
-0.30290342387319547,1.5183157916246275,-0.3715220972031193,-0.6892842661738205,0.35521163108575904,-0.592502597192119,0.3337558955745983,breaking,0.0,0.0,0.0,1.0
-1.3632408171912975,-1.0613562432109187,-0.7742144628945945,-1.789592372473702,-1.7417757676759935,-1.375534988216103,1.2991266613915224,ripe,1.0,0.0,0.0,0.0
0.056657353099724896,1.2954869779843476,0.6064450766190347,0.6206063365641337,0.21059181048150022,-0.9695181928703335,0.5125282596147694,breaking,0.0,0.0,0.0,1.0
1.3701548853069239,-0.29859607344226874,1.6419397312542565,0.14904571957847015,1.078310734107053,1.756594575879833,-1.0785457803427538,hard,0.0,1.0,0.0,0.0
1.263754247223101,-0.08433759878815363,1.411829808001985,1.1445625776593153,1.3675503753155707,-0.012478603841019757,-1.096423016746771,hard,0.0,1.0,0.0,0.0
0.607005481119501,-0.41858081924857327,0.8365549998713062,1.720914442864015,0.5721413619921472,0.3355357921696398,-1.1858091987668564,pre-conditioned,0.0,0.0,1.0,0.0
-0.11945404786660338,1.312627655956677,0.031170268488355888,-0.42730614562622965,0.28290172078362963,-0.5054989981894541,-0.02378883250574403,breaking,0.0,0.0,0.0,1.0
-0.1965027857893721,1.484034435679969,-0.25646713557698353,0.72539758478317,-0.0063379204248879585,-0.5054989981894541,0.4588965504027181,breaking,0.0,0.0,0.0,1.0
-0.1708198731484491,1.3469090119013354,0.6064450766190347,-0.16532802507863884,-0.0063379204248879585,-0.4474965988543442,0.4946510232107523,breaking,0.0,0.0,0.0,1.0
-0.2185167109101632,1.3211979949428416,0.7215000382451705,-0.5844930179547841,-0.0063379204248879585,-0.6505049965272289,-0.16680672373788094,breaking,0.0,0.0,0.0,1.0
-0.8238996517319169,1.552597147569286,-0.8317419437076624,0.3586282160165428,-0.9463667543525701,-1.0565217918729983,0.4946510232107523,firm-ripe,0.0,0.0,0.0,1.0
1.4031757729881107,-0.555706243027207,1.469357288815053,0.3062325919070246,1.4398602856176999,1.9886041732202726,-1.3824587992110449,hard,0.0,1.0,0.0,0.0
0.8381516948878069,-0.42715115823473787,1.411829808001985,1.354145074097388,0.7890710928985354,-0.592502597192119,-0.953405125514634,pre-conditioned,0.0,0.0,1.0,0.0
-0.8715964894936309,1.595448842500109,-0.7166869820815266,-0.7940755143928568,-0.5125072925397938,-1.4915397868863227,0.28012418636254693,firm-ripe,0.0,0.0,0.0,1.0
1.3261270350653422,-0.11004861574664744,1.5844122504411888,-0.060536776859602515,1.3675503753155707,-0.012478603841019757,-1.6148628724632672,hard,0.0,1.0,0.0,0.0
-0.13779898546726257,1.3469090119013354,0.6064450766190347,0.6206063365641337,0.06597198987724144,-1.1435253908756633,0.28012418636254693,breaking,0.0,0.0,0.0,1.0
1.0032561332937397,-0.40144014127624406,1.2967748463758493,0.6730019606736518,0.6444512722942766,0.7125513878478543,-0.2919473785660008,pre-conditioned,0.0,0.0,1.0,0.0
0.8564966324884662,-0.4614325141793963,1.411829808001985,1.5637275705354605,0.4998314516900178,1.4665825792042833,-0.5064742154142061,pre-conditioned,0.0,0.0,1.0,0.0
0.6033364935993695,-0.4357214972209025,0.7790275190582384,1.720914442864015,0.5721413619921472,0.5095429901749695,-0.7567555250704457,pre-conditioned,0.0,0.0,1.0,0.0
1.3664858977867924,-0.15290031067747048,1.8145221736934602,1.092166953549797,1.4398602856176999,1.698592176544723,-1.6684945816753187,hard,0.0,1.0,0.0,0.0
-1.2751851167081334,-0.9413714974046141,-1.8097091175298163,-0.3749105215167115,-2.031015408884511,-1.6945481845592074,1.227617715775454,ripe,1.0,0.0,0.0,0.0
-1.2971990418289245,-0.8556681075429681,-1.579599194277545,-1.789592372473702,-1.3802262161653465,-0.5345001978570091,1.0309681153312658,ripe,1.0,0.0,0.0,0.0
-1.1761224536645738,-1.0270748872662603,-1.464544232651409,-1.4228230037070748,-1.2356063955610876,-0.24448820118145945,1.4063900798156252,ripe,1.0,0.0,0.0,0.0
-1.4623034802348573,-0.9585121753769433,-0.31399461639005144,-1.6324055001451474,-1.814085677978123,-0.09948220284368464,1.2633721885834883,ripe,1.0,0.0,0.0,0.0
-1.2531711915873422,-1.0270748872662603,-0.8892694245207302,-1.6324055001451474,-1.1632964852589582,-0.6505049965272289,0.9594591697151973,ripe,1.0,0.0,0.0,0.0
0.8234757448072799,-0.4871435311378901,0.26128019174062744,1.354145074097388,0.5721413619921472,0.7125513878478543,-0.810387234282497,pre-conditioned,0.0,0.0,1.0,0.0
0.16672697870368014,1.3726200288598291,0.6064450766190347,-0.6368886420643023,0.35521163108575904,0.3065345925020848,-0.25619290575796655,breaking,0.0,0.0,0.0,1.0
-0.7798718014903349,-0.8470977685568035,-0.3715220972031193,-1.475218627816593,-0.5125072925397938,-1.7525505838943174,0.7628095692710091,firm-ripe,1.0,0.0,0.0,0.0
0.7244130817637201,-0.40144014127624406,0.3763351533667632,1.5113319464259425,0.4998314516900178,0.915559785520739,-0.8282644706865142,pre-conditioned,0.0,0.0,1.0,0.0
-0.7431819262890164,1.4754640966938044,-0.4290495780161872,-0.7940755143928568,-0.5125072925397938,0.16152859416431,0.6197916780388721,firm-ripe,0.0,0.0,0.0,1.0
1.7407226248402403,-0.5042842091102193,1.1241924039366458,-0.16532802507863884,1.5121701959198293,1.0025633845234039,-1.0606685439387367,hard,0.0,1.0,0.0,0.0
1.072966896176245,-0.08433759878815363,1.8145221736934602,1.2493538258783516,1.1506206444091824,2.1916125708931573,-1.2215636715748908,hard,0.0,1.0,0.0,0.0
0.2180928039855261,1.2440649440673601,-0.31399461639005144,0.41102384012606097,-0.0063379204248879585,-1.0565217918729983,0.4588965504027181,breaking,0.0,0.0,0.0,1.0
-1.3412268920705066,-0.8813791245014619,-1.2344343093991375,-0.6368886420643023,-1.814085677978123,-1.346533788548548,1.0309681153312658,ripe,1.0,0.0,0.0,0.0
1.538928311232989,-0.5299952260687131,1.411829808001985,-0.217723649188157,1.5121701959198293,0.2775333928345299,-1.096423016746771,hard,0.0,1.0,0.0,0.0
0.4602459803142274,-0.5985579379580299,0.8940824806843741,0.2538369677975065,0.5721413619921472,-0.592502597192119,-0.3992107969901034,pre-conditioned,0.0,0.0,1.0,0.0
0.8931865076897846,-0.6328392939026883,1.2392473655627814,1.6161231946449788,0.716761182596406,0.2485321931669749,-0.649492106646343,pre-conditioned,0.0,0.0,1.0,0.0
0.9702352456125536,-0.39286980229007945,0.3763351533667632,1.720914442864015,0.716761182596406,1.5825873778745032,-1.0785457803427538,pre-conditioned,0.0,0.0,1.0,0.0
0.849158657448203,-0.3671587853315856,-0.026357212324711995,1.354145074097388,0.5721413619921472,1.3215765808665085,-1.0249140711307025,pre-conditioned,0.0,0.0,1.0,0.0
0.5042738305558097,-0.5899875989718654,1.00913744231051,1.5113319464259425,0.4998314516900178,0.2485321931669749,-0.9355278891106169,pre-conditioned,0.0,0.0,1.0,0.0
-0.5707395128428198,1.5783081645277797,-0.6016320204553909,-0.11293240096912067,-0.6571271131440525,-0.7665097951974488,0.5661599688268207,firm-ripe,0.0,0.0,0.0,1.0
-1.30820600438932,-0.8385274295706389,-0.9467969053337981,-0.532097393845266,-1.5248460367696053,-0.9115157935352236,1.5136534982397278,ripe,1.0,0.0,0.0,0.0
-1.4366205675939343,-0.9499418363907788,-1.6371266750906128,-1.0036580108309294,-1.7417757676759935,-1.8685553825645373,1.1561087701593855,ripe,1.0,0.0,0.0,0.0
0.7390890318442477,-0.42715115823473787,1.2392473655627814,1.2493538258783516,0.716761182596406,0.8285561865180742,-0.6137376338383088,pre-conditioned,0.0,0.0,1.0,0.0
0.8748415700891254,-0.3842994633039148,-0.25646713557698353,0.6206063365641337,0.716761182596406,-0.47649779852189916,-0.5422286882222404,pre-conditioned,0.0,0.0,1.0,0.0
1.3444719726660015,-0.5385655650548777,1.5844122504411888,0.2538369677975065,1.5121701959198293,0.45154059083985965,-1.275195380786942,hard,0.0,1.0,0.0,0.0
-1.238495241506815,-0.8470977685568035,-0.6591595012684587,-1.2132405072690022,-1.0909865749568288,-0.04147980350857472,1.2454949521794711,ripe,1.0,0.0,0.0,0.0
1.3151200725049463,-0.4957138701240547,0.7215000382451705,0.3062325919070246,1.4398602856176999,1.3505777805340635,-0.9712823619186511,hard,0.0,1.0,0.0,0.0
-0.798216739090994,1.3040573169705123,-0.25646713557698353,-0.060536776859602515,-0.9463667543525701,-0.7665097951974488,0.7270550964629748,firm-ripe,0.0,0.0,0.0,1.0
-0.04607429746396656,1.5183157916246275,0.6639725574321026,0.41102384012606097,-0.0063379204248879585,0.8285561865180742,0.13710629513041,breaking,0.0,0.0,0.0,1.0
-1.4329515800738026,-0.8728087855152973,-0.7166869820815266,-1.0036580108309294,-1.5248460367696053,-0.2734894008490144,1.1918632429674199,ripe,1.0,0.0,0.0,0.0
1.139008671538618,-0.30716641242843334,1.1817198847497135,0.4634194642355791,1.2952404650134413,1.756594575879833,-1.239440907978908,hard,0.0,1.0,0.0,0.0
0.8234757448072799,-0.4785731921517255,0.6639725574321026,0.6206063365641337,0.7890710928985354,0.6255477888451894,-0.27407014216198367,pre-conditioned,0.0,0.0,1.0,0.0
1.0949808212970358,-0.05862658182965981,1.00913744231051,0.6730019606736518,1.2229305547113118,1.4665825792042833,-1.3824587992110449,hard,0.0,1.0,0.0,0.0
-0.5780774878830836,-1.052785904224754,-1.1193793477730019,-1.6848011242546657,-0.29557756163340554,-0.7085073958623388,0.3337558955745983,firm-ripe,1.0,0.0,0.0,0.0
0.29514154190829456,1.6897225713479196,-0.8317419437076624,0.09665009546895198,0.28290172078362963,0.21953099349941993,-0.32770185137403496,breaking,0.0,0.0,0.0,1.0
-0.30290342387319547,1.3469090119013354,0.6639725574321026,0.41102384012606097,0.35521163108575904,-1.1145241912081083,0.31587865917058117,breaking,0.0,0.0,0.0,1.0
-0.07542619762502119,1.6640115543894258,-0.026357212324711995,0.4634194642355791,0.13828190017937084,1.1185681831936238,0.02984287670630732,breaking,0.0,0.0,0.0,1.0
-1.2274882789464192,-0.9413714974046141,-0.6591595012684587,-1.7371967483641837,-1.4525361264674759,-1.6945481845592074,1.3527583706035737,ripe,1.0,0.0,0.0,0.0
1.2417403221023096,-0.31573675141459795,0.8365549998713062,-0.16532802507863884,1.5121701959198293,0.42253939117230466,-1.4897222176351474,hard,0.0,1.0,0.0,0.0
-1.0403699154196955,1.741144605264907,-0.19893965476391565,0.09665009546895198,-0.8740568440504407,0.3935381915047497,0.3516331319786154,firm-ripe,0.0,0.0,0.0,1.0
0.18507191630433933,1.4497530797353106,0.5489175958059669,0.3062325919070246,-0.0063379204248879585,0.21953099349941993,-0.2919473785660008,breaking,0.0,0.0,0.0,1.0
1.6820188245181305,-0.11861895473281205,0.3763351533667632,0.9349800812212427,1.5121701959198293,1.0605657838585139,-1.9187758913315582,hard,0.0,1.0,0.0,0.0
-0.1708198731484491,1.612589520472438,-0.14141217395084776,0.6730019606736518,0.28290172078362963,1.1185681831936238,0.441019313998701,breaking,0.0,0.0,0.0,1.0
0.7427580193643794,-0.3842994633039148,0.031170268488355888,1.1969582017688334,0.716761182596406,1.2635741815313986,-0.8461417070905313,pre-conditioned,0.0,0.0,1.0,0.0
-0.4496629246784691,-0.9070901414599557,-1.061851866959934,-1.527614251926111,-0.5848172028419231,-0.36049299985167926,0.5482827324228037,firm-ripe,1.0,0.0,0.0,0.0
0.8234757448072799,-0.641409632888853,-0.08388469313777988,1.5637275705354605,0.716761182596406,1.5535861782069482,-0.7210010522624115,pre-conditioned,0.0,0.0,1.0,0.0
-1.4806484178355166,-0.8470977685568035,-0.3715220972031193,-1.4228230037070748,-1.5248460367696053,-0.8535133942001136,1.0667225881393,ripe,1.0,0.0,0.0,0.0
-1.3045370168691883,-0.9070901414599557,-1.3494892710252733,-0.5844930179547841,-1.4525361264674759,-1.7815517835618724,1.4421445526236594,ripe,1.0,0.0,0.0,0.0
-0.33225532403425007,1.6897225713479196,-0.19893965476391565,-0.5844930179547841,0.28290172078362963,0.45154059083985965,-0.2204384329499323,breaking,0.0,0.0,0.0,1.0
0.955559295532026,-0.5642765820133715,0.491390114992899,0.8301888330022063,0.5721413619921472,-0.18648580184634952,-0.7388782886664287,pre-conditioned,0.0,0.0,1.0,0.0
-1.216481316386024,-0.9328011584184496,-0.31399461639005144,-0.846471138502375,-2.031015408884511,-1.5495421862214327,1.6030396802598135,ripe,1.0,0.0,0.0,0.0
-1.4843174053556483,-0.8813791245014619,-1.98229155996902,-0.532097393845266,-1.8863955882802523,-1.4915397868863227,1.2454949521794711,ripe,1.0,0.0,0.0,0.0
-1.2128123288658923,-0.967082514363108,-0.6591595012684587,-0.32251489740719336,-1.4525361264674759,-1.5495421862214327,1.5672852074517791,ripe,1.0,0.0,0.0,0.0
-1.2531711915873422,-0.8556681075429681,-1.2919617902122054,-1.2132405072690022,-1.5248460367696053,-1.5205409865538777,1.1918632429674199,ripe,1.0,0.0,0.0,0.0
-1.465972467754989,-0.8728087855152973,-1.7521816367167484,-1.3180317554880385,-1.307916305863217,-0.9695181928703335,1.048845351735283,ripe,1.0,0.0,0.0,0.0
-0.12679202290686717,1.681152232361755,0.3763351533667632,0.3062325919070246,0.21059181048150022,0.45154059083985965,-0.32770185137403496,breaking,0.0,0.0,0.0,1.0
0.5556396558376556,-0.6585503108611822,0.5489175958059669,1.092166953549797,0.7890710928985354,1.1765705825287336,-0.30982461497001784,pre-conditioned,0.0,0.0,1.0,0.0
0.849158657448203,-0.4957138701240547,-0.14141217395084776,1.092166953549797,0.4998314516900178,0.42253939117230466,-0.9176506527065997,pre-conditioned,0.0,0.0,1.0,0.0
-0.47167684979926017,-0.9927935313216018,-1.1193793477730019,-1.6848011242546657,-0.5125072925397938,-0.21548700151390449,0.5661599688268207,firm-ripe,1.0,0.0,0.0,0.0
-0.8202306642117851,1.6554412154032612,-0.7742144628945945,0.3062325919070246,-0.7294370234461819,-0.6795061961947839,1.1024770609473342,firm-ripe,0.0,0.0,0.0,1.0
0.6987301691227971,-0.5642765820133715,0.43386263417983106,1.1445625776593153,0.4998314516900178,0.2485321931669749,-0.8997734163025827,pre-conditioned,0.0,0.0,1.0,0.0
0.8968554952099167,-0.641409632888853,1.1241924039366458,0.41102384012606097,0.8613810032006648,1.2635741815313986,-1.096423016746771,pre-conditioned,0.0,0.0,1.0,0.0
-1.2568401791074741,-0.8728087855152973,-1.6946541559036805,-0.532097393845266,-1.669465857373864,-1.288531389213438,1.4600217890276765,ripe,1.0,0.0,0.0,0.0
1.4361966606692975,-0.29002573445610413,0.491390114992899,-0.27011927329767516,1.5121701959198293,1.3505777805340635,-1.5969856360592503,hard,0.0,1.0,0.0,0.0
1.722377687239581,-0.4700028531655609,0.5489175958059669,-0.060536776859602515,1.1506206444091824,0.21953099349941993,-1.2215636715748908,hard,0.0,1.0,0.0,0.0
-0.8312376267721805,-0.8642384465291327,-0.7742144628945945,-1.6848011242546657,-0.15095774102914675,-1.2015277902107733,1.0667225881393,firm-ripe,1.0,0.0,0.0,0.0
-1.190798403745101,-1.0270748872662603,-1.522071713464477,-0.8988667626118931,-1.1632964852589582,-0.36049299985167926,1.3170038977955396,ripe,1.0,0.0,0.0,0.0
0.68405421904227,-0.5814172599857007,0.8365549998713062,1.1969582017688334,0.7890710928985354,-0.15748460217879456,-0.2919473785660008,pre-conditioned,0.0,0.0,1.0,0.0
1.447203623229693,-0.29002573445610413,0.7790275190582384,1.1445625776593153,1.1506206444091824,2.2786161698958223,-1.4360905084230962,hard,0.0,1.0,0.0,0.0
0.6253504187201603,-0.6499799718750175,0.43386263417983106,1.2493538258783516,0.716761182596406,0.9735621848558489,-0.5243514518182233,pre-conditioned,0.0,0.0,1.0,0.0
-0.8238996517319169,1.552597147569286,0.8365549998713062,-0.3749105215167115,-0.7294370234461819,-0.5054989981894541,0.8164412784830604,firm-ripe,0.0,0.0,0.0,1.0
-1.2458332165470785,-0.9242308194322849,-1.579599194277545,-0.7940755143928568,-1.4525361264674759,-0.04147980350857472,1.048845351735283,ripe,1.0,0.0,0.0,0.0
-0.5707395128428198,1.6211598594586027,-0.7742144628945945,0.6206063365641337,-0.8740568440504407,-0.18648580184634952,0.6913006236549406,firm-ripe,0.0,0.0,0.0,1.0
-0.24786861107121783,1.681152232361755,-0.7742144628945945,-0.16532802507863884,0.13828190017937084,0.04552379549409016,0.3337558955745983,breaking,0.0,0.0,0.0,1.0
1.2527472846627055,-0.13575963270514127,0.8365549998713062,0.3062325919070246,1.5121701959198293,1.669590976877168,-0.9891595983226682,hard,0.0,1.0,0.0,0.0
0.3868662299115906,-0.31573675141459795,-0.08388469313777988,1.039771329440279,0.716761182596406,-0.5635013975245641,-0.3634563241820692,pre-conditioned,0.0,0.0,1.0,0.0
-0.14513696050752636,1.6554412154032612,0.7215000382451705,0.6206063365641337,0.35521163108575904,0.6545489885127443,-0.04166606890976114,breaking,0.0,0.0,0.0,1.0
-0.24419962355108593,1.3811903678459938,-0.026357212324711995,-0.3749105215167115,-0.0063379204248879585,-0.7665097951974488,0.02984287670630732,breaking,0.0,0.0,0.0,1.0
1.1169947464178271,-0.07576725980198902,1.3543023271889172,0.8825844571117245,1.3675503753155707,0.6545489885127443,-1.900898654927541,hard,0.0,1.0,0.0,0.0
0.7500959944046431,-0.555706243027207,0.08869774930142377,1.5113319464259425,0.716761182596406,0.42253939117230466,-1.1321774895548051,pre-conditioned,0.0,0.0,1.0,0.0
-0.7798718014903349,-0.9070901414599557,-1.464544232651409,-1.6848011242546657,-0.6571271131440525,-0.7955109948650038,0.4946510232107523,firm-ripe,1.0,0.0,0.0,0.0
1.762736549961031,-0.29859607344226874,0.6639725574321026,0.72539758478317,1.078310734107053,1.1185681831936238,-1.2573181443829249,hard,0.0,1.0,0.0,0.0
0.8711725825689938,-0.5985579379580299,0.6064450766190347,1.5637275705354605,0.4998314516900178,0.5095429901749695,-0.5958603974342918,pre-conditioned,0.0,0.0,1.0,0.0
-0.2698825361920089,1.6897225713479196,0.031170268488355888,-0.42730614562622965,-0.0063379204248879585,-1.0855229915405533,0.4767737868067352,breaking,0.0,0.0,0.0,1.0
1.5059074235518022,-0.3671587853315856,0.5489175958059669,-0.16532802507863884,1.1506206444091824,0.9735621848558489,-1.9366531277355754,hard,0.0,1.0,0.0,0.0
-0.5670705253226881,-0.9585121753769433,-1.579599194277545,-1.789592372473702,-0.4401973822376643,0.4805417905074146,0.7628095692710091,firm-ripe,1.0,0.0,0.0,0.0
0.04931937805946137,1.552597147569286,0.14622523011449165,-0.7416798902833387,0.13828190017937084,1.0895669835260688,-0.04166606890976114,breaking,0.0,0.0,0.0,1.0
0.6657092814416109,-0.555706243027207,0.3763351533667632,1.668518818754497,0.8613810032006648,0.7125513878478543,-0.2919473785660008,pre-conditioned,0.0,0.0,1.0,0.0
0.4822599054350185,-0.41858081924857327,0.14622523011449165,0.72539758478317,0.716761182596406,0.21953099349941993,-1.0070368347266854,pre-conditioned,0.0,0.0,1.0,0.0
-0.8495825643728397,1.4497530797353106,-0.3715220972031193,-0.6892842661738205,-0.22326765133127616,-1.0565217918729983,0.6555461508469064,firm-ripe,0.0,0.0,0.0,1.0
-0.07175721010488954,1.2783463000120185,-0.8317419437076624,-0.5844930179547841,-0.0063379204248879585,0.13252739449675505,0.08347458591835866,breaking,0.0,0.0,0.0,1.0
-0.9266313022956084,1.2354946050811955,0.6064450766190347,-0.11293240096912067,-0.7294370234461819,-0.7085073958623388,0.38738760478664963,firm-ripe,0.0,0.0,0.0,1.0
0.9885801832132127,-0.4357214972209025,0.26128019174062744,1.5637275705354605,0.7890710928985354,-0.592502597192119,-0.2383156693539494,pre-conditioned,0.0,0.0,1.0,0.0
-1.2054743538256285,-0.8470977685568035,-1.6371266750906128,-1.6324055001451474,-1.5971559470717347,-0.38949419951923425,1.4600217890276765,ripe,1.0,0.0,0.0,0.0
0.10802317838157088,1.6468708764170965,0.8365549998713062,0.41102384012606097,0.06597198987724144,0.5965465891776345,0.4946510232107523,breaking,0.0,0.0,0.0,1.0
-0.1965027857893721,1.6040191814862734,0.20375271092755953,-0.32251489740719336,0.06597198987724144,-1.0275205922054433,0.40526484119066675,breaking,0.0,0.0,0.0,1.0
0.5079428180759412,-0.5128545480963839,1.00913744231051,1.354145074097388,0.7890710928985354,0.4805417905074146,-0.5601059246262575,pre-conditioned,0.0,0.0,1.0,0.0
0.9885801832132127,-0.3671587853315856,1.0666649231235779,1.4065406982069062,0.4998314516900178,0.45154059083985965,-1.0249140711307025,pre-conditioned,0.0,0.0,1.0,0.0
-0.6514572382857203,-0.9842231923354372,-1.9247640791559522,-1.2132405072690022,-0.36788747193553495,0.10352619482920009,0.8521957512910946,firm-ripe,1.0,0.0,0.0,0.0
-0.61109837556427,1.4069013848044876,-0.026357212324711995,-0.3749105215167115,-0.36788747193553495,0.36453699183719473,1.1203542973513514,firm-ripe,0.0,0.0,0.0,1.0
1.3224580475452101,-0.23003336155295193,0.3188076725536953,0.2538369677975065,1.4398602856176999,1.4085801798691733,-1.5433539268471987,hard,0.0,1.0,0.0,0.0
-0.24053063603095404,1.441182740749146,0.491390114992899,-0.7940755143928568,0.21059181048150022,-1.0275205922054433,0.5125282596147694,breaking,0.0,0.0,0.0,1.0
-1.2311572664665515,-0.9842231923354372,-0.48657705882925506,-0.532097393845266,-1.5971559470717347,-0.8245121945325586,1.0130908789272486,ripe,1.0,0.0,0.0,0.0
-1.2054743538256285,-0.9499418363907788,-1.2919617902122054,-1.3704273795975566,-1.3802262161653465,-0.15748460217879456,1.531530734643745,ripe,1.0,0.0,0.0,0.0
1.7297156622798449,-0.41001048026240866,1.1817198847497135,0.5158150883450973,1.5121701959198293,0.6545489885127443,-0.9891595983226682,hard,0.0,1.0,0.0,0.0
1.4545415982699568,-0.5385655650548777,0.3763351533667632,1.2493538258783516,1.2952404650134413,0.07452499516164512,-0.9891595983226682,hard,0.0,1.0,0.0,0.0
-0.6477882507655884,-0.8642384465291327,-0.3715220972031193,-1.2132405072690022,-0.5848172028419231,-0.7085073958623388,0.38738760478664963,firm-ripe,1.0,0.0,0.0,0.0
0.9115314452904438,-0.358588446345421,0.26128019174062744,0.6730019606736518,0.7890710928985354,1.2925753811989535,-1.1500547259588223,pre-conditioned,0.0,0.0,1.0,0.0
-0.10844708530620796,1.3726200288598291,-0.3715220972031193,-0.7940755143928568,0.28290172078362963,1.0315645841909589,-0.02378883250574403,breaking,0.0,0.0,0.0,1.0
0.929876382891103,-0.4785731921517255,0.14622523011449165,1.720914442864015,0.4998314516900178,0.36453699183719473,-0.32770185137403496,pre-conditioned,0.0,0.0,1.0,0.0
-0.1671508856283172,1.3726200288598291,-0.48657705882925506,0.3062325919070246,-0.0063379204248879585,0.07452499516164512,-0.07742054171779537,breaking,0.0,0.0,0.0,1.0
-1.1174186533424642,-0.9328011584184496,-0.6016320204553909,-1.8419879965832202,-0.15095774102914675,-0.04147980350857472,0.9594591697151973,firm-ripe,1.0,0.0,0.0,0.0
-0.5707395128428198,1.2954869779843476,0.3763351533667632,0.4634194642355791,-0.9463667543525701,0.16152859416431,1.1024770609473342,firm-ripe,0.0,0.0,0.0,1.0
-0.020391384823043562,1.3811903678459938,-0.026357212324711995,-0.6368886420643023,-0.0063379204248879585,-0.21548700151390449,0.31587865917058117,breaking,0.0,0.0,0.0,1.0
-1.1137496658223325,-0.8899494634876265,-1.061851866959934,-0.9512623867214113,-0.4401973822376643,-1.375534988216103,0.3516331319786154,firm-ripe,1.0,0.0,0.0,0.0
-1.2054743538256285,-1.0699265821970831,-0.31399461639005144,-0.47970176973574785,-1.8863955882802523,-1.6945481845592074,1.227617715775454,ripe,1.0,0.0,0.0,0.0
-0.680809138446775,-0.9756528533492725,-1.9247640791559522,-0.47970176973574785,-0.29557756163340554,-0.7375085955298938,0.8343185148870775,firm-ripe,1.0,0.0,0.0,0.0
0.5629776308779189,-0.5299952260687131,0.6064450766190347,1.5113319464259425,0.4998314516900178,1.0895669835260688,-0.8997734163025827,pre-conditioned,0.0,0.0,1.0,0.0
-0.9779971275774542,-0.9756528533492725,-0.6016320204553909,-1.527614251926111,-0.7294370234461819,-1.1435253908756633,0.9594591697151973,firm-ripe,1.0,0.0,0.0,0.0
0.19607887886473502,1.681152232361755,-0.6016320204553909,-0.32251489740719336,0.35521163108575904,-0.7085073958623388,-0.14892948733386382,breaking,0.0,0.0,0.0,1.0
0.5666466183980511,-0.684261327819676,1.00913744231051,1.354145074097388,0.5721413619921472,1.0605657838585139,-0.8461417070905313,pre-conditioned,0.0,0.0,1.0,0.0
1.395837797947847,-0.555706243027207,1.411829808001985,1.1445625776593153,1.2952404650134413,2.0176053728878274,-1.1679319623628395,hard,0.0,1.0,0.0,0.0
-0.46800786227912833,1.2954869779843476,0.7790275190582384,0.3586282160165428,-0.29557756163340554,-0.8535133942001136,0.3695103683826325,firm-ripe,0.0,0.0,0.0,1.0
-1.4109376549530113,-0.8642384465291327,-1.061851866959934,-0.3749105215167115,-1.0909865749568288,-1.0565217918729983,1.227617715775454,ripe,1.0,0.0,0.0,0.0
-1.2458332165470785,-1.052785904224754,-1.9247640791559522,-1.160844883159484,-1.9587054985823817,-1.7235493842267624,1.6030396802598135,ripe,1.0,0.0,0.0,0.0
-0.9266313022956084,-1.0185045482800956,-0.7166869820815266,-1.1084492590499657,-0.4401973822376643,-1.433537387551213,0.6555461508469064,firm-ripe,1.0,0.0,0.0,0.0
1.1353396840184864,-0.29002573445610413,1.6419397312542565,0.72539758478317,1.3675503753155707,2.0466065725553824,-1.3109498535949764,hard,0.0,1.0,0.0,0.0
0.24377571662644884,1.2440649440673601,0.26128019174062744,0.6206063365641337,0.35521163108575904,1.0895669835260688,-0.41708803339412054,breaking,0.0,0.0,0.0,1.0
-0.7651958514098075,1.3897607068321585,0.6639725574321026,-0.11293240096912067,-0.29557756163340554,-1.6655469848916526,0.6376689144428892,firm-ripe,0.0,0.0,0.0,1.0
0.16672697870368014,1.4069013848044876,-0.08388469313777988,-0.7416798902833387,0.06597198987724144,-0.09948220284368464,0.5482827324228037,breaking,0.0,0.0,0.0,1.0
-0.7798718014903349,1.4326124017629813,0.26128019174062744,0.41102384012606097,-0.7294370234461819,-1.5495421862214327,0.28012418636254693,firm-ripe,0.0,0.0,0.0,1.0
-0.8312376267721805,1.4668937577076397,0.6064450766190347,-0.3749105215167115,-0.4401973822376643,-0.9405169932027785,0.441019313998701,firm-ripe,0.0,0.0,0.0,1.0
-1.0293629528593,1.5440268085831212,0.6639725574321026,0.3586282160165428,-0.8740568440504407,0.19052979383186497,0.5840372052308379,firm-ripe,0.0,0.0,0.0,1.0
-0.8862724395741581,1.7325742662787427,0.491390114992899,0.14904571957847015,-0.9463667543525701,-0.9115157935352236,0.7091778600589577,firm-ripe,0.0,0.0,0.0,1.0
-1.465972467754989,-1.052785904224754,-1.2344343093991375,-1.6324055001451474,-1.307916305863217,-0.4474965988543442,0.9594591697151973,ripe,1.0,0.0,0.0,0.0
-1.0000110526982453,1.4583234187214753,-0.6016320204553909,0.2014413436879883,-0.5848172028419231,0.36453699183719473,0.905827460503146,firm-ripe,0.0,0.0,0.0,1.0
-1.3192129669497152,-1.0442155652385894,-1.1193793477730019,-0.532097393845266,-1.2356063955610876,-0.9985193925378885,1.1382315337553686,ripe,1.0,0.0,0.0,0.0
1.6673428744376033,-0.358588446345421,1.8720496545065282,0.41102384012606097,1.2952404650134413,0.21953099349941993,-1.4897222176351474,hard,0.0,1.0,0.0,0.0
0.8418206824079392,-0.41858081924857327,-0.026357212324711995,1.668518818754497,0.6444512722942766,-0.07048100317612968,-1.1679319623628395,pre-conditioned,0.0,0.0,1.0,0.0
0.7207440942435884,-0.6585503108611822,-0.14141217395084776,1.4065406982069062,0.716761182596406,1.5535861782069482,-0.9176506527065997,pre-conditioned,0.0,0.0,1.0,0.0
-1.2715161291880015,-0.9756528533492725,-0.6016320204553909,-0.7940755143928568,-1.669465857373864,-0.24448820118145945,1.388512843411608,ripe,1.0,0.0,0.0,0.0
0.9041934702501805,-0.34144776837309176,1.00913744231051,1.5637275705354605,0.7890710928985354,0.10352619482920009,-0.810387234282497,pre-conditioned,0.0,0.0,1.0,0.0
0.42355610511290903,-0.5642765820133715,0.7790275190582384,0.4634194642355791,0.716761182596406,0.21953099349941993,-0.9891595983226682,pre-conditioned,0.0,0.0,1.0,0.0
-0.8752654770137628,-0.9927935313216018,-1.464544232651409,-1.789592372473702,-0.6571271131440525,-1.433537387551213,0.5482827324228037,firm-ripe,1.0,0.0,0.0,0.0
-0.7945477515708621,-1.0699265821970831,-1.6371266750906128,-0.9512623867214113,-0.22326765133127616,-1.288531389213438,0.9594591697151973,firm-ripe,1.0,0.0,0.0,0.0
1.3371339976257377,-0.06719692081582442,0.5489175958059669,0.2014413436879883,1.4398602856176999,1.1475693828611786,-1.4539677448271133,hard,0.0,1.0,0.0,0.0
-1.418275629993275,-1.0013638703077663,-1.464544232651409,-1.3180317554880385,-1.9587054985823817,-0.9405169932027785,1.4600217890276765,ripe,1.0,0.0,0.0,0.0
1.5169143861121976,-0.31573675141459795,0.5489175958059669,0.8825844571117245,1.2952404650134413,0.3935381915047497,-1.1858091987668564,hard,0.0,1.0,0.0,0.0
1.2857681723438916,-0.2643147174976103,1.00913744231051,0.04425447135943382,1.078310734107053,0.7705537871829642,-1.9187758913315582,hard,0.0,1.0,0.0,0.0
0.3648523047907998,-0.5128545480963839,0.6639725574321026,1.2493538258783516,0.6444512722942766,-0.18648580184634952,-0.27407014216198367,pre-conditioned,0.0,0.0,1.0,0.0
-0.6184363506045338,-1.0356452262524247,-1.8672365983428842,-1.527614251926111,-0.9463667543525701,-0.5635013975245641,1.1203542973513514,firm-ripe,1.0,0.0,0.0,0.0
-1.0807287781411459,1.6982929103340842,-0.7742144628945945,-0.11293240096912067,-0.8017469337483113,-0.30249060051656934,0.8879502240991288,firm-ripe,0.0,0.0,0.0,1.0
-1.352233854630902,-0.9070901414599557,-1.4070167518383412,-1.475218627816593,-1.5248460367696053,-1.0275205922054433,1.6030396802598135,ripe,1.0,0.0,0.0,0.0
-0.88994142709429,-1.0442155652385894,-0.48657705882925506,-1.3704273795975566,-0.7294370234461819,-0.6795061961947839,0.42314207759468386,firm-ripe,1.0,0.0,0.0,0.0
-0.03506733490357114,1.5183157916246275,0.26128019174062744,0.4634194642355791,0.35521163108575904,1.0895669835260688,0.5482827324228037,breaking,0.0,0.0,0.0,1.0
-1.421944617513407,-0.9328011584184496,-0.6016320204553909,-1.2656361313785203,-1.3802262161653465,-1.317532588880993,1.370635607007591,ripe,1.0,0.0,0.0,0.0
1.2087194344211232,-0.23860370053911653,1.411829808001985,1.1969582017688334,1.4398602856176999,2.0466065725553824,-1.579108399655233,hard,0.0,1.0,0.0,0.0
-0.1524749355477899,1.3897607068321585,0.3188076725536953,-0.5844930179547841,0.28290172078362963,0.016522595826535206,-0.1310522509298467,breaking,0.0,0.0,0.0,1.0
-0.38362114931609603,1.6982929103340842,-0.7166869820815266,0.14904571957847015,0.35521163108575904,-0.15748460217879456,-0.09529777812181249,breaking,0.0,0.0,0.0,1.0
1.3518099477062648,-0.1700409886497997,1.987104616132664,0.6730019606736518,1.1506206444091824,1.814596975214943,-0.9355278891106169,hard,0.0,1.0,0.0,0.0
-1.0477078904599593,-0.8985198024737912,-1.3494892710252733,-0.6368886420643023,-0.22326765133127616,-0.9115157935352236,1.1918632429674199,firm-ripe,1.0,0.0,0.0,0.0
0.27679660430763536,1.2526352830535248,-0.14141217395084776,0.6206063365641337,-0.0063379204248879585,0.6255477888451894,0.5482827324228037,breaking,0.0,0.0,0.0,1.0
1.0803048712165089,-0.23003336155295193,1.411829808001985,1.2493538258783516,1.078310734107053,0.6835501881802993,-1.4360905084230962,hard,0.0,1.0,0.0,0.0
1.696694774598658,-0.2557443785114457,1.1241924039366458,0.41102384012606097,1.4398602856176999,0.10352619482920009,-1.4897222176351474,hard,0.0,1.0,0.0,0.0
0.68405421904227,-0.3671587853315856,0.43386263417983106,1.3017494499878697,0.5721413619921472,0.5095429901749695,-0.9891595983226682,pre-conditioned,0.0,0.0,1.0,0.0
-0.7358439512487528,1.4754640966938044,0.8365549998713062,-0.00814115275008435,-0.8017469337483113,-1.259530189545883,0.20861524074647847,firm-ripe,0.0,0.0,0.0,1.0
0.1410440660627574,1.7068632493202487,0.08869774930142377,-0.32251489740719336,0.35521163108575904,0.7995549868505192,0.08347458591835866,breaking,0.0,0.0,0.0,1.0
0.3648523047907998,-0.4357214972209025,0.491390114992899,0.3062325919070246,0.4998314516900178,0.3935381915047497,-0.8282644706865142,pre-conditioned,0.0,0.0,1.0,0.0
1.722377687239581,-0.1957520056082935,1.411829808001985,1.2493538258783516,1.0060008238049236,1.756594575879833,-1.3645815628070277,hard,0.0,1.0,0.0,0.0
-1.4733104427952528,-1.0442155652385894,-1.2919617902122054,-1.0036580108309294,-1.0909865749568288,-0.7665097951974488,1.4778990254316937,ripe,1.0,0.0,0.0,0.0
0.5372947182369964,-0.4871435311378901,0.8940824806843741,1.720914442864015,0.4998314516900178,-0.33149180018412433,-0.5779831610302746,pre-conditioned,0.0,0.0,1.0,0.0
-1.4256136050335388,-1.0442155652385894,-0.7742144628945945,-1.1084492590499657,-1.814085677978123,-1.8105529832294274,1.531530734643745,ripe,1.0,0.0,0.0,0.0
0.07133330318025247,1.2526352830535248,-0.7166869820815266,0.5682107124546155,0.13828190017937084,0.2485321931669749,0.5125282596147694,breaking,0.0,0.0,0.0,1.0
1.582956161474571,-0.12718929371897666,0.951609961497442,1.2493538258783516,1.2952404650134413,0.04552379549409016,-1.0785457803427538,hard,0.0,1.0,0.0,0.0
0.30247951694855835,1.4668937577076397,0.08869774930142377,-0.5844930179547841,0.28290172078362963,-1.1145241912081083,0.42314207759468386,breaking,0.0,0.0,0.0,1.0
0.3721902798310633,-0.4442918362070671,-0.026357212324711995,1.4065406982069062,0.5721413619921472,1.3795789802016183,-0.5958603974342918,pre-conditioned,0.0,0.0,1.0,0.0
-0.61109837556427,-1.0613562432109187,-1.8672365983428842,-1.8419879965832202,-0.4401973822376643,-1.1435253908756633,1.2633721885834883,firm-ripe,1.0,0.0,0.0,0.0
-1.3925927173523522,-1.0699265821970831,-1.3494892710252733,-0.8988667626118931,-1.3802262161653465,-0.36049299985167926,1.2097404793714368,ripe,1.0,0.0,0.0,0.0
0.034643427978934056,1.2354946050811955,0.08869774930142377,-0.42730614562622965,0.06597198987724144,0.886558585853184,0.17286076793844424,breaking,0.0,0.0,0.0,1.0
1.2747612097834964,-0.05862658182965981,1.8720496545065282,1.1445625776593153,1.2952404650134413,0.7995549868505192,-1.6863718180793357,hard,0.0,1.0,0.0,0.0
1.2344023470620462,-0.40144014127624406,1.8720496545065282,1.092166953549797,1.2229305547113118,1.9016005742176076,-1.6148628724632672,hard,0.0,1.0,0.0,0.0
0.07867127822051599,1.3383386729151707,0.26128019174062744,0.4634194642355791,0.28290172078362963,0.7415525875154092,0.20861524074647847,breaking,0.0,0.0,0.0,1.0
0.6436953563208195,-0.4785731921517255,0.7790275190582384,0.5682107124546155,0.5721413619921472,0.6835501881802993,-1.0070368347266854,pre-conditioned,0.0,0.0,1.0,0.0
-1.2531711915873422,-1.009934209293931,-1.522071713464477,-1.475218627816593,-1.3802262161653465,-0.30249060051656934,1.6209169166638306,ripe,1.0,0.0,0.0,0.0
1.296775134904287,-0.05862658182965981,1.469357288815053,-0.27011927329767516,1.0060008238049236,0.5965465891776345,-1.1679319623628395,hard,0.0,1.0,0.0,0.0
-1.377916767271825,-0.8556681075429681,-1.6371266750906128,-1.160844883159484,-1.0909865749568288,-0.2734894008490144,1.4242673162196422,ripe,1.0,0.0,0.0,0.0
-1.0440389029398274,1.4154717237906522,-0.25646713557698353,0.3586282160165428,-0.7294370234461819,-1.1725265905432183,0.6555461508469064,firm-ripe,0.0,0.0,0.0,1.0
1.1500156340990135,-0.1871816666221289,1.987104616132664,0.9873757053307608,1.2229305547113118,0.7705537871829642,-1.4539677448271133,hard,0.0,1.0,0.0,0.0
0.5886605435188419,-0.42715115823473787,0.5489175958059669,1.354145074097388,0.5721413619921472,0.16152859416431,-0.488596979010189,pre-conditioned,0.0,0.0,1.0,0.0
-1.3632408171912975,-0.9756528533492725,-1.061851866959934,-0.532097393845266,-1.2356063955610876,-0.2734894008490144,0.9415819333111802,ripe,1.0,0.0,0.0,0.0
-1.0036800402183772,-0.8556681075429681,-0.9467969053337981,-0.7416798902833387,-0.5848172028419231,0.2775333928345299,1.1203542973513514,firm-ripe,1.0,0.0,0.0,0.0
-0.8238996517319169,1.3811903678459938,-0.4290495780161872,-0.42730614562622965,-0.8017469337483113,-1.375534988216103,0.7628095692710091,firm-ripe,0.0,0.0,0.0,1.0
0.7207440942435884,-0.41858081924857327,-0.25646713557698353,1.720914442864015,0.4998314516900178,-0.2734894008490144,-1.1858091987668564,pre-conditioned,0.0,0.0,1.0,0.0
0.17773394126407582,1.3383386729151707,-0.08388469313777988,-0.6892842661738205,-0.0063379204248879585,0.7995549868505192,0.31587865917058117,breaking,0.0,0.0,0.0,1.0
0.2144238164653942,1.4154717237906522,-0.026357212324711995,0.41102384012606097,0.28290172078362963,0.6255477888451894,0.3337558955745983,breaking,0.0,0.0,0.0,1.0
1.2674232347432326,-0.15290031067747048,1.6419397312542565,0.5682107124546155,1.2229305547113118,0.016522595826535206,-1.9187758913315582,hard,0.0,1.0,0.0,0.0
-0.1304610104269988,1.3554793508875,0.5489175958059669,0.3586282160165428,-0.0063379204248879585,0.944560985188294,0.17286076793844424,breaking,0.0,0.0,0.0,1.0
-1.4843174053556483,-1.0699265821970831,-0.6016320204553909,-0.532097393845266,-1.7417757676759935,-1.984560181234757,1.0130908789272486,ripe,1.0,0.0,0.0,0.0
1.197712471860728,-0.2557443785114457,1.3543023271889172,0.04425447135943382,1.2229305547113118,1.0895669835260688,-1.6327401088672844,hard,0.0,1.0,0.0,0.0
-1.1834604287048374,-1.052785904224754,-0.48657705882925506,-1.475218627816593,-1.307916305863217,-0.24448820118145945,1.084599824543317,ripe,1.0,0.0,0.0,0.0
0.0933472283010433,1.6982929103340842,-0.31399461639005144,0.14904571957847015,0.06597198987724144,-0.36049299985167926,-0.45284250620215477,breaking,0.0,0.0,0.0,1.0
-0.5854154629233473,1.4326124017629813,-0.8317419437076624,0.04425447135943382,-0.15095774102914675,-1.1435253908756633,0.6555461508469064,firm-ripe,0.0,0.0,0.0,1.0
-1.16878447862431,-0.9499418363907788,-1.98229155996902,-0.7940755143928568,-1.814085677978123,-1.6365457852240977,1.3348811341995568,ripe,1.0,0.0,0.0,0.0
-0.5780774878830836,-0.8299570905844743,-1.6371266750906128,-0.47970176973574785,-0.9463667543525701,-0.6795061961947839,1.2097404793714368,firm-ripe,1.0,0.0,0.0,0.0
-1.4696414552751211,-0.8985198024737912,-1.4070167518383412,-1.8419879965832202,-1.1632964852589582,-1.0275205922054433,1.370635607007591,ripe,1.0,0.0,0.0,0.0
1.4655485608303522,-0.23860370053911653,0.6064450766190347,0.09665009546895198,1.0060008238049236,1.756594575879833,-1.2930726171909592,hard,0.0,1.0,0.0,0.0
-0.5230426750811059,-0.8899494634876265,-0.6016320204553909,-1.8419879965832202,-0.4401973822376643,-0.18648580184634952,1.1024770609473342,firm-ripe,1.0,0.0,0.0,0.0
-1.172453466144442,-0.9756528533492725,-1.2344343093991375,-0.47970176973574785,-1.9587054985823817,-1.5785433858889877,1.6209169166638306,ripe,1.0,0.0,0.0,0.0
1.4692175483504837,-0.4357214972209025,1.00913744231051,0.6206063365641337,1.0060008238049236,0.6545489885127443,-1.4897222176351474,hard,0.0,1.0,0.0,0.0
1.5572732488336483,-0.5042842091102193,0.6639725574321026,-0.16532802507863884,1.2229305547113118,0.915559785520739,-1.096423016746771,hard,0.0,1.0,0.0,0.0
-1.2238192914262878,-0.8728087855152973,-1.6371266750906128,-1.7371967483641837,-1.669465857373864,-0.7955109948650038,1.4421445526236594,ripe,1.0,0.0,0.0,0.0
0.1447130535828893,1.724003927292578,-0.7742144628945945,0.3062325919070246,-0.0063379204248879585,0.2485321931669749,-0.30982461497001784,breaking,0.0,0.0,0.0,1.0
-1.311874991909452,-0.967082514363108,-0.6591595012684587,-1.7371967483641837,-1.8863955882802523,-0.7665097951974488,1.5136534982397278,ripe,1.0,0.0,0.0,0.0
1.4582105857900884,-0.4528621751932317,0.6639725574321026,1.092166953549797,1.078310734107053,0.3935381915047497,-1.4897222176351474,hard,0.0,1.0,0.0,0.0
-0.680809138446775,-0.8385274295706389,-0.9467969053337981,-1.6848011242546657,-0.6571271131440525,-1.7235493842267624,0.20861524074647847,firm-ripe,1.0,0.0,0.0,0.0
0.26945862926737185,1.3040573169705123,-0.08388469313777988,-0.7940755143928568,0.35521163108575904,1.0315645841909589,-0.45284250620215477,breaking,0.0,0.0,0.0,1.0
-0.32124836147385466,1.595448842500109,-0.026357212324711995,0.6206063365641337,0.13828190017937084,-0.09948220284368464,0.10135182232237577,breaking,0.0,0.0,0.0,1.0
-0.2368616485108224,1.5097454526384628,0.3188076725536953,0.3062325919070246,0.21059181048150022,0.8285561865180742,0.4588965504027181,breaking,0.0,0.0,0.0,1.0
-0.06075024754449387,1.3554793508875,-0.25646713557698353,-0.42730614562622965,0.28290172078362963,0.10352619482920009,0.2622469499585298,breaking,0.0,0.0,0.0,1.0
1.762736549961031,-0.41858081924857327,1.7569946928803923,0.3062325919070246,1.3675503753155707,1.756594575879833,-1.3109498535949764,hard,0.0,1.0,0.0,0.0
1.5902941365148344,-0.3671587853315856,0.8940824806843741,0.6730019606736518,1.0060008238049236,0.9735621848558489,-1.3288270899989933,hard,0.0,1.0,0.0,0.0
-1.0697218155807502,-0.9328011584184496,-1.6371266750906128,-1.3704273795975566,-0.8017469337483113,-1.1145241912081083,0.5661599688268207,firm-ripe,1.0,0.0,0.0,0.0
-1.3485648671107702,-1.0442155652385894,-1.4070167518383412,-1.475218627816593,-1.5248460367696053,-0.9405169932027785,1.1739860065634027,ripe,1.0,0.0,0.0,0.0
0.3942042049518544,-0.5385655650548777,1.2967748463758493,1.5637275705354605,0.4998314516900178,1.1765705825287336,-0.8282644706865142,pre-conditioned,0.0,0.0,1.0,0.0
-1.2091433413457602,-0.8470977685568035,-1.98229155996902,-0.47970176973574785,-1.307916305863217,-0.8825145938676686,1.1382315337553686,ripe,1.0,0.0,0.0,0.0
